{
  "incumbent_ids": [
    39
  ],
  "rejected_config_ids": [
    1,
    2
  ],
  "incumbents_changed": 3,
  "trajectory": [
    {
      "config_ids": [
        1
      ],
      "costs": [
        -396.1656674576202
      ],
      "trial": 1,
      "walltime": 91.86429452896118
    },
    {
      "config_ids": [
        2
      ],
      "costs": [
        -495.99902399792046
      ],
      "trial": 2,
      "walltime": 183.69442462921143
    },
    {
      "config_ids": [
        39
      ],
      "costs": [
        -516.0657887269458
      ],
      "trial": 39,
      "walltime": 3765.865226984024
    }
  ],
  "state": {
    "queue": [
      [
        59,
        1
      ]
    ]
  }
}